Workbook

Sheet Master
A1: TRIBAL ZONE PRODUCT MASTER
A3: Category | B3: Total SKUs | C3: Total Qty | D3: Total Value | E3: Avg Price
A4: Earrings | B4: =COUNTA(Earrings!A2:A100) | C4: =SUM(Earrings!D2:D100) | D4: =SUMPRODUCT(Earrings!D2:D100,Earrings!E2:E100) | E4: =AVERAGE(Earrings!E2:E100)
A5: Necklaces | B5: =COUNTA(Necklaces!A2:A100) | C5: =SUM(Necklaces!D2:D100) | D5: =SUMPRODUCT(Necklaces!D2:D100,Necklaces!E2:E100) | E5: =AVERAGE(Necklaces!E2:E100)
A6: Bangles | B6: =COUNTA(Bangles!A2:A100) | C6: =SUM(Bangles!D2:D100) | D6: =SUMPRODUCT(Bangles!D2:D100,Bangles!E2:E100) | E6: =AVERAGE(Bangles!E2:E100)
A7: Maang Tikka | B7: =COUNTA(Maang Tikka!A2:A100) | C7: =SUM(Maang Tikka!D2:D100) | D7: =SUMPRODUCT(Maang Tikka!D2:D100,Maang Tikka!E2:E100) | E7: =AVERAGE(Maang Tikka!E2:E100)
A8: Rings | B8: =COUNTA(Rings!A2:A100) | C8: =SUM(Rings!D2:D100) | D8: =SUMPRODUCT(Rings!D2:D100,Rings!E2:E100) | E8: =AVERAGE(Rings!E2:E100)
A9: Zodiac | B9: =COUNTA(Zodiac!A2:A100) | C9: =SUM(Zodiac!D2:D100) | D9: =SUMPRODUCT(Zodiac!D2:D100,Zodiac!E2:E100) | E9: =AVERAGE(Zodiac!E2:E100)

Sheet Earrings
A1: SKU | B1: Product Name | C1: Colour | D1: Quantity | E1: MRP | F1: Barcode | G1: Box No. | H1: Upload | I1: Image | J1: Notes
A2: TZ4361-008 | B2: Gold Kundan Cluster Studs | C2: GOLD | D2: 126 | E2: 399 | F2: 8903827098644 | G2: 1
A3: TZ4357-12 | B3: Crystal Drop Earrings | C3: GOLD | D3: 120 | E3: 599 | F3: 8903827098323 | G3: 1
A4: TZ4357-19 | B4: White Pearl Studs | C4: WHITE | D4: 120 | E4: 599 | F4: 8903827098392 | G4: 1
A5: TZ4383-1 | B5: Antique Gold Jhumka | C5: GOLD | D5: 123 | E5: 699 | F5: 8903827097913 | G5: 4
A6: TZ4383-5 | B6: Kundan Drop Earring | C6: GOLD | D6: 192 | E6: 699 | F6: 8903827097951 | G6: 4

Sheet Necklaces
A1: SKU | B1: Product Name | C1: Colour | D1: Quantity | E1: MRP | F1: Barcode | G1: Box No. | H1: Upload | I1: Image | J1: Notes
A2: TZ5201-001 | B2: Crystal Pendant Necklace | C2: SILVER | D2: 85 | E2: 899 | F2: 8903827098501 | G2: 2
A3: TZ5202-001 | B3: Layered Chain Necklace | C3: GOLD | D3: 72 | E3: 799 | F3: 8903827098502 | G3: 2
A4: TZ5203-001 | B4: Kundan Temple Necklace | C4: GOLD | D4: 45 | E4: 1299 | F4: 8903827098503 | G4: 5

Sheet Bangles
A1: SKU | B1: Product Name | C1: Colour | D1: Quantity | E1: MRP | F1: Barcode | G1: Box No. | H1: Upload | I1: Image | J1: Notes
A2: TZ6101-001 | B2: Crystal Beaded Bracelet | C2: MULTI | D2: 156 | E2: 499 | F2: 8903827098601 | G2: 3
A3: TZ6102-001 | B3: Gold Bangle Set | C3: GOLD | D3: 98 | E3: 799 | F3: 8903827098602 | G3: 3
A4: TZ6103-001 | B4: Antique Silver Bangle | C4: SILVER | D4: 67 | E4: 599 | F4: 8903827098603 | G4: 2

Sheet Maang Tikka
A1: SKU | B1: Product Name | C1: Colour | D1: Quantity | E1: MRP | F1: Barcode | G1: Box No. | H1: Upload | I1: Image | J1: Notes
A2: TZ7101-001 | B2: Pearl Maang Tikka | C2: GOLD | D2: 54 | E2: 799 | F2: 8903827098701 | G2: 4
A3: TZ7102-001 | B3: Kundan Maang Tikka | C3: GOLD | D3: 38 | E3: 999 | F3: 8903827098702 | G3: 4

Sheet Rings
A1: SKU | B1: Product Name | C1: Colour | D1: Quantity | E1: MRP | F1: Barcode | G1: Box No. | H1: Upload | I1: Image | J1: Notes
A2: TZ8101-001 | B2: Gold Statement Ring | C2: GOLD | D2: 124 | E2: 599 | F2: 8903827098801 | G2: 1
A3: TZ8102-001 | B3: Aries Zodiac Ring | C3: SILVER | D3: 89 | E3: 699 | F3: 8903827098802 | G3: 1

Sheet Zodiac
A1: SKU | B1: Product Name | C1: Colour | D1: Quantity | E1: MRP | F1: Barcode | G1: Box No. | H1: Upload | I1: Image | J1: Notes
A2: TZ9201-ARIES | B2: Aries Zodiac Pendant | C2: SILVER | D2: 76 | E2: 699 | F2: 8903827098901 | G2: 2
A3: TZ9202-TAURUS | B3: Taurus Zodiac Pendant | C3: GOLD | D3: 68 | E3: 699 | F3: 8903827098902 | G3: 2
